epoch,lr-AdamW,step,train_loss_epoch,train_loss_step,val_loss
,0.0001,9,,,
0,,9,,1.1580835580825806,
,0.0001,19,,,
0,,19,,1.1262511014938354,
,0.0001,29,,,
0,,29,,1.1373929977416992,
,0.0001,39,,,
0,,39,,1.1123946905136108,
,0.0001,49,,,
0,,49,,1.1250462532043457,
,0.0001,59,,,
0,,59,,1.1086589097976685,
,0.0001,69,,,
0,,69,,1.1076565980911255,
,0.0001,79,,,
0,,79,,1.1155002117156982,
,0.0001,89,,,
0,,89,,1.088584303855896,
,0.0001,99,,,
0,,99,,1.0926073789596558,
,0.0001,109,,,
0,,109,,1.0874167680740356,
,0.0001,119,,,
0,,119,,1.088502287864685,
,0.0001,129,,,
0,,129,,1.0893529653549194,
,0.0001,139,,,
0,,139,,1.0934184789657593,
,0.0001,149,,,
0,,149,,1.0812345743179321,
,0.0001,159,,,
0,,159,,1.0959997177124023,
,0.0001,169,,,
0,,169,,1.0834449529647827,
,0.0001,179,,,
0,,179,,1.0936055183410645,
,0.0001,189,,,
0,,189,,1.0866531133651733,
,0.0001,199,,,
0,,199,,1.083965539932251,
,0.0001,209,,,
0,,209,,1.1194530725479126,
,0.0001,219,,,
0,,219,,1.067509651184082,
,0.0001,229,,,
0,,229,,1.0888456106185913,
,0.0001,239,,,
0,,239,,1.0725829601287842,
,0.0001,249,,,
0,,249,,1.0814265012741089,
,0.0001,259,,,
0,,259,,1.0956556797027588,
,0.0001,269,,,
0,,269,,1.0824635028839111,
,0.0001,279,,,
0,,279,,1.0713077783584595,
,0.0001,289,,,
0,,289,,1.078640103340149,
,0.0001,299,,,
0,,299,,1.0664891004562378,
,0.0001,309,,,
0,,309,,1.0701892375946045,
,0.0001,319,,,
0,,319,,1.071955919265747,
,0.0001,329,,,
0,,329,,1.0719407796859741,
,0.0001,339,,,
0,,339,,1.073581337928772,
,0.0001,349,,,
0,,349,,1.0725913047790527,
,0.0001,359,,,
0,,359,,1.0736846923828125,
,0.0001,369,,,
0,,369,,1.0760583877563477,
,0.0001,379,,,
0,,379,,1.0857741832733154,
,0.0001,389,,,
0,,389,,1.0779072046279907,
,0.0001,399,,,
0,,399,,1.0804685354232788,
,0.0001,409,,,
0,,409,,1.0889053344726562,
,0.0001,419,,,
0,,419,,1.0697178840637207,
,0.0001,429,,,
0,,429,,1.0896419286727905,
,0.0001,439,,,
0,,439,,1.0727707147598267,
,0.0001,449,,,
0,,449,,1.0587255954742432,
,0.0001,459,,,
0,,459,,1.0596121549606323,
,0.0001,469,,,
0,,469,,1.0583348274230957,
,0.0001,479,,,
0,,479,,1.05998957157135,
,0.0001,489,,,
0,,489,,1.0670796632766724,
,0.0001,499,,,
0,,499,,1.0683733224868774,
,0.0001,509,,,
0,,509,,1.0737106800079346,
,0.0001,519,,,
0,,519,,1.066188097000122,
,0.0001,529,,,
0,,529,,1.0718019008636475,
,0.0001,539,,,
0,,539,,1.07467782497406,
,0.0001,549,,,
0,,549,,1.0781656503677368,
,0.0001,559,,,
0,,559,,1.0627906322479248,
,0.0001,569,,,
0,,569,,1.0704485177993774,
,0.0001,579,,,
0,,579,,1.0614677667617798,
,0.0001,589,,,
0,,589,,1.0592159032821655,
,0.0001,599,,,
0,,599,,1.0687843561172485,
,0.0001,609,,,
0,,609,,1.0668803453445435,
,0.0001,619,,,
0,,619,,1.060476541519165,
,0.0001,629,,,
0,,629,,1.065998911857605,
,0.0001,639,,,
0,,639,,1.0715868473052979,
,0.0001,649,,,
0,,649,,1.0672587156295776,
,0.0001,659,,,
0,,659,,1.0702931880950928,
,0.0001,669,,,
0,,669,,1.0632944107055664,
,0.0001,679,,,
0,,679,,1.0715986490249634,
,0.0001,689,,,
0,,689,,1.0581389665603638,
,0.0001,699,,,
0,,699,,1.0498050451278687,
,0.0001,709,,,
0,,709,,1.054939866065979,
,0.0001,719,,,
0,,719,,1.0483498573303223,
,0.0001,729,,,
0,,729,,1.0562684535980225,
,0.0001,739,,,
0,,739,,1.0528360605239868,
,0.0001,749,,,
0,,749,,1.0600359439849854,
,0.0001,759,,,
0,,759,,1.0541185140609741,
,0.0001,769,,,
0,,769,,1.0497223138809204,
,0.0001,779,,,
0,,779,,1.0500099658966064,
,0.0001,789,,,
0,,789,,1.0578621625900269,
,0.0001,799,,,
0,,799,,1.0666155815124512,
,0.0001,809,,,
0,,809,,1.0563790798187256,
,0.0001,819,,,
0,,819,,1.0510358810424805,
,0.0001,829,,,
0,,829,,1.0530965328216553,
,0.0001,839,,,
0,,839,,1.0467517375946045,
,0.0001,849,,,
0,,849,,1.05454683303833,
,0.0001,859,,,
0,,859,,1.055229663848877,
,0.0001,869,,,
0,,869,,1.0608184337615967,
,0.0001,879,,,
0,,879,,1.0519572496414185,
,0.0001,889,,,
0,,889,,1.0582669973373413,
,0.0001,899,,,
0,,899,,1.0655484199523926,
,0.0001,909,,,
0,,909,,1.051156759262085,
,0.0001,919,,,
0,,919,,1.0470608472824097,
,0.0001,929,,,
0,,929,,1.0574150085449219,
,0.0001,939,,,
0,,939,,1.0620890855789185,
,0.0001,949,,,
0,,949,,1.0441781282424927,
,0.0001,959,,,
0,,959,,1.0421695709228516,
,0.0001,969,,,
0,,969,,1.0516897439956665,
,0.0001,979,,,
0,,979,,1.046805500984192,
,0.0001,989,,,
0,,989,,1.0477098226547241,
,0.0001,999,,,
0,,999,,1.0523078441619873,
,0.0001,1009,,,
0,,1009,,1.045957326889038,
,0.0001,1019,,,
0,,1019,,1.0390946865081787,
,0.0001,1029,,,
0,,1029,,1.0581417083740234,
,0.0001,1039,,,
0,,1039,,1.0396558046340942,
,0.0001,1049,,,
0,,1049,,1.0510730743408203,
,0.0001,1059,,,
0,,1059,,1.0515649318695068,
,0.0001,1069,,,
0,,1069,,1.0664466619491577,
,0.0001,1079,,,
0,,1079,,1.0698931217193604,
,0.0001,1089,,,
0,,1089,,1.0440709590911865,
,0.0001,1099,,,
0,,1099,,1.060173749923706,
,0.0001,1109,,,
0,,1109,,1.0537025928497314,
,0.0001,1119,,,
0,,1119,,1.056660771369934,
,0.0001,1129,,,
0,,1129,,1.0534006357192993,
,0.0001,1139,,,
0,,1139,,1.0423184633255005,
,0.0001,1149,,,
0,,1149,,1.0390373468399048,
,0.0001,1159,,,
0,,1159,,1.054013729095459,
,0.0001,1169,,,
0,,1169,,1.058350682258606,
,0.0001,1179,,,
0,,1179,,1.0424169301986694,
,0.0001,1189,,,
0,,1189,,1.0433391332626343,
,0.0001,1199,,,
0,,1199,,1.0545302629470825,
,0.0001,1209,,,
0,,1209,,1.039953589439392,
,0.0001,1219,,,
0,,1219,,1.0539686679840088,
,0.0001,1229,,,
0,,1229,,1.0326619148254395,
0,,1229,,,1.0502324104309082
0,,1229,1.0689942836761475,,
,0.0001,1239,,,
1,,1239,,1.0460141897201538,
,0.0001,1249,,,
1,,1249,,1.0545021295547485,
,0.0001,1259,,,
1,,1259,,1.0487756729125977,
,0.0001,1269,,,
1,,1269,,1.0424805879592896,
,0.0001,1279,,,
1,,1279,,1.0442765951156616,
,0.0001,1289,,,
1,,1289,,1.037466049194336,
,0.0001,1299,,,
1,,1299,,1.050456166267395,
,0.0001,1309,,,
1,,1309,,1.0382905006408691,
,0.0001,1319,,,
1,,1319,,1.0457069873809814,
,0.0001,1329,,,
1,,1329,,1.0507861375808716,
,0.0001,1339,,,
1,,1339,,1.0470030307769775,
,0.0001,1349,,,
1,,1349,,1.0471878051757812,
,0.0001,1359,,,
1,,1359,,1.0419039726257324,
,0.0001,1369,,,
1,,1369,,1.0480613708496094,
,0.0001,1379,,,
1,,1379,,1.0429823398590088,
,0.0001,1389,,,
1,,1389,,1.0471141338348389,
,0.0001,1399,,,
1,,1399,,1.0510715246200562,
,0.0001,1409,,,
1,,1409,,1.0378950834274292,
,0.0001,1419,,,
1,,1419,,1.0397802591323853,
,0.0001,1429,,,
1,,1429,,1.042754054069519,
,0.0001,1439,,,
1,,1439,,1.0471960306167603,
,0.0001,1449,,,
1,,1449,,1.04185950756073,
,0.0001,1459,,,
1,,1459,,1.0472368001937866,
,0.0001,1469,,,
1,,1469,,1.0390567779541016,
,0.0001,1479,,,
1,,1479,,1.045381784439087,
,0.0001,1489,,,
1,,1489,,1.0478851795196533,
,0.0001,1499,,,
1,,1499,,1.038527488708496,
,0.0001,1509,,,
1,,1509,,1.0612843036651611,
,0.0001,1519,,,
1,,1519,,1.0497280359268188,
,0.0001,1529,,,
1,,1529,,1.049668312072754,
,0.0001,1539,,,
1,,1539,,1.0442173480987549,
,0.0001,1549,,,
1,,1549,,1.0434280633926392,
,0.0001,1559,,,
1,,1559,,1.0452200174331665,
,0.0001,1569,,,
1,,1569,,1.0357444286346436,
,0.0001,1579,,,
1,,1579,,1.041827917098999,
,0.0001,1589,,,
1,,1589,,1.0430442094802856,
,0.0001,1599,,,
1,,1599,,1.0342358350753784,
,0.0001,1609,,,
1,,1609,,1.0402107238769531,
,0.0001,1619,,,
1,,1619,,1.0512171983718872,
,0.0001,1629,,,
1,,1629,,1.0330723524093628,
,0.0001,1639,,,
1,,1639,,1.0401949882507324,
,0.0001,1649,,,
1,,1649,,1.044397234916687,
,0.0001,1659,,,
1,,1659,,1.0466508865356445,
,0.0001,1669,,,
1,,1669,,1.0483112335205078,
,0.0001,1679,,,
1,,1679,,1.0344033241271973,
,0.0001,1689,,,
1,,1689,,1.0445832014083862,
,0.0001,1699,,,
1,,1699,,1.0472480058670044,
,0.0001,1709,,,
1,,1709,,1.0421884059906006,
,0.0001,1719,,,
1,,1719,,1.0368311405181885,
,0.0001,1729,,,
1,,1729,,1.0381196737289429,
,0.0001,1739,,,
1,,1739,,1.0544393062591553,
,0.0001,1749,,,
1,,1749,,1.041570782661438,
,0.0001,1759,,,
1,,1759,,1.0364142656326294,
,0.0001,1769,,,
1,,1769,,1.039265513420105,
,0.0001,1779,,,
1,,1779,,1.0395491123199463,
,0.0001,1789,,,
1,,1789,,1.0423533916473389,
,0.0001,1799,,,
1,,1799,,1.042664885520935,
,0.0001,1809,,,
1,,1809,,1.0436556339263916,
,0.0001,1819,,,
1,,1819,,1.0613079071044922,
,0.0001,1829,,,
1,,1829,,1.0436714887619019,
,0.0001,1839,,,
1,,1839,,1.0400947332382202,
,0.0001,1849,,,
1,,1849,,1.0471969842910767,
,0.0001,1859,,,
1,,1859,,1.0559262037277222,
,0.0001,1869,,,
1,,1869,,1.0479105710983276,
,0.0001,1879,,,
1,,1879,,1.0607432126998901,
,0.0001,1889,,,
1,,1889,,1.0386589765548706,
,0.0001,1899,,,
1,,1899,,1.0536249876022339,
,0.0001,1909,,,
1,,1909,,1.0356225967407227,
,0.0001,1919,,,
1,,1919,,1.0380237102508545,
,0.0001,1929,,,
1,,1929,,1.054051399230957,
,0.0001,1939,,,
1,,1939,,1.0395509004592896,
,0.0001,1949,,,
1,,1949,,1.035293459892273,
,0.0001,1959,,,
1,,1959,,1.0474659204483032,
,0.0001,1969,,,
1,,1969,,1.041727900505066,
,0.0001,1979,,,
1,,1979,,1.0422779321670532,
,0.0001,1989,,,
1,,1989,,1.0416184663772583,
,0.0001,1999,,,
1,,1999,,1.0405946969985962,
,0.0001,2009,,,
1,,2009,,1.0354043245315552,
,0.0001,2019,,,
1,,2019,,1.038883924484253,
,0.0001,2029,,,
1,,2029,,1.0570586919784546,
,0.0001,2039,,,
1,,2039,,1.039726734161377,
,0.0001,2049,,,
1,,2049,,1.0528382062911987,
,0.0001,2059,,,
1,,2059,,1.0433387756347656,
,0.0001,2069,,,
1,,2069,,1.04439115524292,
,0.0001,2079,,,
1,,2079,,1.054940104484558,
,0.0001,2089,,,
1,,2089,,1.0507335662841797,
,0.0001,2099,,,
1,,2099,,1.0445911884307861,
,0.0001,2109,,,
1,,2109,,1.0562541484832764,
,0.0001,2119,,,
1,,2119,,1.0474456548690796,
,0.0001,2129,,,
1,,2129,,1.0437260866165161,
,0.0001,2139,,,
1,,2139,,1.0437510013580322,
,0.0001,2149,,,
1,,2149,,1.0402779579162598,
,0.0001,2159,,,
1,,2159,,1.0358591079711914,
,0.0001,2169,,,
1,,2169,,1.0528907775878906,
,0.0001,2179,,,
1,,2179,,1.035571813583374,
,0.0001,2189,,,
1,,2189,,1.027560830116272,
,0.0001,2199,,,
1,,2199,,1.0415703058242798,
,0.0001,2209,,,
1,,2209,,1.0489345788955688,
,0.0001,2219,,,
1,,2219,,1.0383883714675903,
,0.0001,2229,,,
1,,2229,,1.0408592224121094,
,0.0001,2239,,,
1,,2239,,1.0515563488006592,
,0.0001,2249,,,
1,,2249,,1.046349048614502,
,0.0001,2259,,,
1,,2259,,1.0387438535690308,
,0.0001,2269,,,
1,,2269,,1.0472991466522217,
,0.0001,2279,,,
1,,2279,,1.0422440767288208,
,0.0001,2289,,,
1,,2289,,1.0372453927993774,
,0.0001,2299,,,
1,,2299,,1.04881751537323,
,0.0001,2309,,,
1,,2309,,1.0488742589950562,
,0.0001,2319,,,
1,,2319,,1.0351881980895996,
,0.0001,2329,,,
1,,2329,,1.0284030437469482,
,0.0001,2339,,,
1,,2339,,1.0432828664779663,
,0.0001,2349,,,
1,,2349,,1.0526313781738281,
,0.0001,2359,,,
1,,2359,,1.0460158586502075,
,0.0001,2369,,,
1,,2369,,1.0372413396835327,
,0.0001,2379,,,
1,,2379,,1.0412116050720215,
,0.0001,2389,,,
1,,2389,,1.0444669723510742,
,0.0001,2399,,,
1,,2399,,1.036251187324524,
,0.0001,2409,,,
1,,2409,,1.042964220046997,
,0.0001,2419,,,
1,,2419,,1.0447558164596558,
,0.0001,2429,,,
1,,2429,,1.0371114015579224,
,0.0001,2439,,,
1,,2439,,1.0285098552703857,
,0.0001,2449,,,
1,,2449,,1.0440541505813599,
,0.0001,2459,,,
1,,2459,,1.0454963445663452,
1,,2459,,,1.0413297414779663
1,,2459,1.0443763732910156,,
,0.0001,2469,,,
2,,2469,,1.0438557863235474,
,0.0001,2479,,,
2,,2479,,1.0404947996139526,
,0.0001,2489,,,
2,,2489,,1.0559349060058594,
,0.0001,2499,,,
2,,2499,,1.034232258796692,
,0.0001,2509,,,
2,,2509,,1.0404287576675415,
,0.0001,2519,,,
2,,2519,,1.041497826576233,
,0.0001,2529,,,
2,,2529,,1.0448251962661743,
,0.0001,2539,,,
2,,2539,,1.0412242412567139,
,0.0001,2549,,,
2,,2549,,1.0435187816619873,
,0.0001,2559,,,
2,,2559,,1.0383152961730957,
,0.0001,2569,,,
2,,2569,,1.038469910621643,
,0.0001,2579,,,
2,,2579,,1.050477147102356,
,0.0001,2589,,,
2,,2589,,1.0291545391082764,
,0.0001,2599,,,
2,,2599,,1.0374755859375,
,0.0001,2609,,,
2,,2609,,1.03876793384552,
,0.0001,2619,,,
2,,2619,,1.0394870042800903,
,0.0001,2629,,,
2,,2629,,1.0372732877731323,
,0.0001,2639,,,
2,,2639,,1.0338770151138306,
,0.0001,2649,,,
2,,2649,,1.0333207845687866,
,0.0001,2659,,,
2,,2659,,1.038016676902771,
,0.0001,2669,,,
2,,2669,,1.0376455783843994,
,0.0001,2679,,,
2,,2679,,1.0468297004699707,
,0.0001,2689,,,
2,,2689,,1.0449903011322021,
,0.0001,2699,,,
2,,2699,,1.036917805671692,
,0.0001,2709,,,
2,,2709,,1.0366102457046509,
,0.0001,2719,,,
2,,2719,,1.042394757270813,
,0.0001,2729,,,
2,,2729,,1.0448905229568481,
,0.0001,2739,,,
2,,2739,,1.0392460823059082,
,0.0001,2749,,,
2,,2749,,1.0361034870147705,
,0.0001,2759,,,
2,,2759,,1.0352743864059448,
,0.0001,2769,,,
2,,2769,,1.0376752614974976,
,0.0001,2779,,,
2,,2779,,1.0355052947998047,
,0.0001,2789,,,
2,,2789,,1.0459494590759277,
,0.0001,2799,,,
2,,2799,,1.0412750244140625,
,0.0001,2809,,,
2,,2809,,1.046337604522705,
,0.0001,2819,,,
2,,2819,,1.0476927757263184,
,0.0001,2829,,,
2,,2829,,1.0324287414550781,
,0.0001,2839,,,
2,,2839,,1.03657066822052,
,0.0001,2849,,,
2,,2849,,1.0387506484985352,
,0.0001,2859,,,
2,,2859,,1.0303106307983398,
,0.0001,2869,,,
2,,2869,,1.0394419431686401,
,0.0001,2879,,,
2,,2879,,1.0348877906799316,
,0.0001,2889,,,
2,,2889,,1.0325576066970825,
,0.0001,2899,,,
2,,2899,,1.0471338033676147,
,0.0001,2909,,,
2,,2909,,1.0291976928710938,
,0.0001,2919,,,
2,,2919,,1.0399872064590454,
,0.0001,2929,,,
2,,2929,,1.0326014757156372,
,0.0001,2939,,,
2,,2939,,1.0461695194244385,
,0.0001,2949,,,
2,,2949,,1.049647569656372,
,0.0001,2959,,,
2,,2959,,1.0290884971618652,
,0.0001,2969,,,
2,,2969,,1.0294121503829956,
,0.0001,2979,,,
2,,2979,,1.0364145040512085,
,0.0001,2989,,,
2,,2989,,1.0288670063018799,
,0.0001,2999,,,
2,,2999,,1.037387728691101,
,0.0001,3009,,,
2,,3009,,1.0588665008544922,
,0.0001,3019,,,
2,,3019,,1.0432347059249878,
,0.0001,3029,,,
2,,3029,,1.031231164932251,
,0.0001,3039,,,
2,,3039,,1.0383167266845703,
,0.0001,3049,,,
2,,3049,,1.0449697971343994,
,0.0001,3059,,,
2,,3059,,1.0462515354156494,
,0.0001,3069,,,
2,,3069,,1.0422711372375488,
,0.0001,3079,,,
2,,3079,,1.0350003242492676,
,0.0001,3089,,,
2,,3089,,1.037736177444458,
,0.0001,3099,,,
2,,3099,,1.0364643335342407,
,0.0001,3109,,,
2,,3109,,1.030887246131897,
,0.0001,3119,,,
2,,3119,,1.0512326955795288,
,0.0001,3129,,,
2,,3129,,1.0463025569915771,
,0.0001,3139,,,
2,,3139,,1.02989661693573,
,0.0001,3149,,,
2,,3149,,1.0325666666030884,
,0.0001,3159,,,
2,,3159,,1.0259734392166138,
,0.0001,3169,,,
2,,3169,,1.0323448181152344,
,0.0001,3179,,,
2,,3179,,1.0384013652801514,
,0.0001,3189,,,
2,,3189,,1.0349488258361816,
,0.0001,3199,,,
2,,3199,,1.0393527746200562,
,0.0001,3209,,,
2,,3209,,1.03525710105896,
,0.0001,3219,,,
2,,3219,,1.0475409030914307,
,0.0001,3229,,,
2,,3229,,1.058863878250122,
,0.0001,3239,,,
2,,3239,,1.0258643627166748,
,0.0001,3249,,,
2,,3249,,1.0318058729171753,
,0.0001,3259,,,
2,,3259,,1.0438272953033447,
,0.0001,3269,,,
2,,3269,,1.0445784330368042,
,0.0001,3279,,,
2,,3279,,1.024240255355835,
,0.0001,3289,,,
2,,3289,,1.0377994775772095,
,0.0001,3299,,,
2,,3299,,1.034550428390503,
,0.0001,3309,,,
2,,3309,,1.0394861698150635,
,0.0001,3319,,,
2,,3319,,1.0349892377853394,
,0.0001,3329,,,
2,,3329,,1.040135145187378,
,0.0001,3339,,,
2,,3339,,1.0371880531311035,
,0.0001,3349,,,
2,,3349,,1.0349057912826538,
,0.0001,3359,,,
2,,3359,,1.0485725402832031,
,0.0001,3369,,,
2,,3369,,1.0325785875320435,
,0.0001,3379,,,
2,,3379,,1.025165319442749,
,0.0001,3389,,,
2,,3389,,1.0350652933120728,
,0.0001,3399,,,
2,,3399,,1.0343555212020874,
,0.0001,3409,,,
2,,3409,,1.0304354429244995,
,0.0001,3419,,,
2,,3419,,1.0327427387237549,
,0.0001,3429,,,
2,,3429,,1.034851312637329,
,0.0001,3439,,,
2,,3439,,1.03462553024292,
,0.0001,3449,,,
2,,3449,,1.0373133420944214,
,0.0001,3459,,,
2,,3459,,1.0341814756393433,
,0.0001,3469,,,
2,,3469,,1.0321812629699707,
,0.0001,3479,,,
2,,3479,,1.0414791107177734,
,0.0001,3489,,,
2,,3489,,1.0351426601409912,
,0.0001,3499,,,
2,,3499,,1.034612774848938,
,0.0001,3509,,,
2,,3509,,1.034633755683899,
,0.0001,3519,,,
2,,3519,,1.0360324382781982,
,0.0001,3529,,,
2,,3529,,1.0508975982666016,
,0.0001,3539,,,
2,,3539,,1.0426806211471558,
,0.0001,3549,,,
2,,3549,,1.0305136442184448,
,0.0001,3559,,,
2,,3559,,1.0370099544525146,
,0.0001,3569,,,
2,,3569,,1.0333105325698853,
,0.0001,3579,,,
2,,3579,,1.0441722869873047,
,0.0001,3589,,,
2,,3589,,1.028733491897583,
,0.0001,3599,,,
2,,3599,,1.0460784435272217,
,0.0001,3609,,,
2,,3609,,1.0386279821395874,
,0.0001,3619,,,
2,,3619,,1.0404292345046997,
,0.0001,3629,,,
2,,3629,,1.0430188179016113,
,0.0001,3639,,,
2,,3639,,1.0339336395263672,
,0.0001,3649,,,
2,,3649,,1.0300710201263428,
,0.0001,3659,,,
2,,3659,,1.0314515829086304,
,0.0001,3669,,,
2,,3669,,1.029634952545166,
,0.0001,3679,,,
2,,3679,,1.0356918573379517,
,0.0001,3689,,,
2,,3689,,1.0386766195297241,
2,,3689,,,1.037636160850525
2,,3689,1.0382672548294067,,
,0.0001,3699,,,
3,,3699,,1.0301095247268677,
,0.0001,3709,,,
3,,3709,,1.0367482900619507,
,0.0001,3719,,,
3,,3719,,1.0348255634307861,
,0.0001,3729,,,
3,,3729,,1.0310583114624023,
,0.0001,3739,,,
3,,3739,,1.0368553400039673,
,0.0001,3749,,,
3,,3749,,1.0418057441711426,
,0.0001,3759,,,
3,,3759,,1.0419683456420898,
,0.0001,3769,,,
3,,3769,,1.0346152782440186,
,0.0001,3779,,,
3,,3779,,1.0426727533340454,
,0.0001,3789,,,
3,,3789,,1.0434746742248535,
,0.0001,3799,,,
3,,3799,,1.0286877155303955,
,0.0001,3809,,,
3,,3809,,1.0351572036743164,
,0.0001,3819,,,
3,,3819,,1.0399988889694214,
,0.0001,3829,,,
3,,3829,,1.040752649307251,
,0.0001,3839,,,
3,,3839,,1.0361591577529907,
,0.0001,3849,,,
3,,3849,,1.0344700813293457,
,0.0001,3859,,,
3,,3859,,1.04375159740448,
,0.0001,3869,,,
3,,3869,,1.034783124923706,
,0.0001,3879,,,
3,,3879,,1.0285794734954834,
,0.0001,3889,,,
3,,3889,,1.0396442413330078,
,0.0001,3899,,,
3,,3899,,1.0372573137283325,
,0.0001,3909,,,
3,,3909,,1.0343151092529297,
,0.0001,3919,,,
3,,3919,,1.0348697900772095,
,0.0001,3929,,,
3,,3929,,1.0403099060058594,
,0.0001,3939,,,
3,,3939,,1.0328134298324585,
,0.0001,3949,,,
3,,3949,,1.0454540252685547,
,0.0001,3959,,,
3,,3959,,1.0416120290756226,
,0.0001,3969,,,
3,,3969,,1.0325556993484497,
,0.0001,3979,,,
3,,3979,,1.0285258293151855,
,0.0001,3989,,,
3,,3989,,1.0371923446655273,
,0.0001,3999,,,
3,,3999,,1.0333184003829956,
,0.0001,4009,,,
3,,4009,,1.0332188606262207,
,0.0001,4019,,,
3,,4019,,1.036643147468567,
,0.0001,4029,,,
3,,4029,,1.0339264869689941,
,0.0001,4039,,,
3,,4039,,1.0422226190567017,
,0.0001,4049,,,
3,,4049,,1.0397056341171265,
,0.0001,4059,,,
3,,4059,,1.0420641899108887,
,0.0001,4069,,,
3,,4069,,1.0328986644744873,
,0.0001,4079,,,
3,,4079,,1.0348072052001953,
,0.0001,4089,,,
3,,4089,,1.0309497117996216,
,0.0001,4099,,,
3,,4099,,1.0352498292922974,
,0.0001,4109,,,
3,,4109,,1.0342702865600586,
,0.0001,4119,,,
3,,4119,,1.0300970077514648,
,0.0001,4129,,,
3,,4129,,1.0400669574737549,
,0.0001,4139,,,
3,,4139,,1.058418869972229,
,0.0001,4149,,,
3,,4149,,1.0267210006713867,
,0.0001,4159,,,
3,,4159,,1.0291136503219604,
,0.0001,4169,,,
3,,4169,,1.0310537815093994,
,0.0001,4179,,,
3,,4179,,1.0261013507843018,
,0.0001,4189,,,
3,,4189,,1.0340830087661743,
,0.0001,4199,,,
3,,4199,,1.0361173152923584,
,0.0001,4209,,,
3,,4209,,1.0377774238586426,
,0.0001,4219,,,
3,,4219,,1.031546711921692,
,0.0001,4229,,,
3,,4229,,1.0280966758728027,
,0.0001,4239,,,
3,,4239,,1.0399214029312134,
,0.0001,4249,,,
3,,4249,,1.03603196144104,
,0.0001,4259,,,
3,,4259,,1.037108302116394,
,0.0001,4269,,,
3,,4269,,1.0303550958633423,
,0.0001,4279,,,
3,,4279,,1.027487874031067,
,0.0001,4289,,,
3,,4289,,1.0299577713012695,
,0.0001,4299,,,
3,,4299,,1.0364233255386353,
,0.0001,4309,,,
3,,4309,,1.0349873304367065,
,0.0001,4319,,,
3,,4319,,1.0332473516464233,
,0.0001,4329,,,
3,,4329,,1.0383274555206299,
,0.0001,4339,,,
3,,4339,,1.0394630432128906,
,0.0001,4349,,,
3,,4349,,1.0272876024246216,
,0.0001,4359,,,
3,,4359,,1.0324324369430542,
,0.0001,4369,,,
3,,4369,,1.037710428237915,
,0.0001,4379,,,
3,,4379,,1.0322633981704712,
,0.0001,4389,,,
3,,4389,,1.0328006744384766,
,0.0001,4399,,,
3,,4399,,1.0327329635620117,
,0.0001,4409,,,
3,,4409,,1.0365087985992432,
,0.0001,4419,,,
3,,4419,,1.0361849069595337,
,0.0001,4429,,,
3,,4429,,1.0296053886413574,
,0.0001,4439,,,
3,,4439,,1.0293830633163452,
,0.0001,4449,,,
3,,4449,,1.0525033473968506,
,0.0001,4459,,,
3,,4459,,1.0274930000305176,
,0.0001,4469,,,
3,,4469,,1.0320161581039429,
,0.0001,4479,,,
3,,4479,,1.0426043272018433,
,0.0001,4489,,,
3,,4489,,1.0253230333328247,
,0.0001,4499,,,
3,,4499,,1.0402333736419678,
,0.0001,4509,,,
3,,4509,,1.0336475372314453,
,0.0001,4519,,,
3,,4519,,1.0422539710998535,
,0.0001,4529,,,
3,,4529,,1.0380951166152954,
,0.0001,4539,,,
3,,4539,,1.0340551137924194,
,0.0001,4549,,,
3,,4549,,1.042526364326477,
,0.0001,4559,,,
3,,4559,,1.0323164463043213,
,0.0001,4569,,,
3,,4569,,1.026774287223816,
,0.0001,4579,,,
3,,4579,,1.029970645904541,
,0.0001,4589,,,
3,,4589,,1.0383598804473877,
,0.0001,4599,,,
3,,4599,,1.0352181196212769,
,0.0001,4609,,,
3,,4609,,1.0311719179153442,
,0.0001,4619,,,
3,,4619,,1.025286078453064,
,0.0001,4629,,,
3,,4629,,1.0376957654953003,
,0.0001,4639,,,
3,,4639,,1.0338042974472046,
,0.0001,4649,,,
3,,4649,,1.0341917276382446,
,0.0001,4659,,,
3,,4659,,1.0353626012802124,
,0.0001,4669,,,
3,,4669,,1.0399481058120728,
,0.0001,4679,,,
3,,4679,,1.0292069911956787,
,0.0001,4689,,,
3,,4689,,1.041606068611145,
,0.0001,4699,,,
3,,4699,,1.032353401184082,
,0.0001,4709,,,
3,,4709,,1.034010648727417,
,0.0001,4719,,,
3,,4719,,1.023114800453186,
,0.0001,4729,,,
3,,4729,,1.0275614261627197,
,0.0001,4739,,,
3,,4739,,1.031595230102539,
,0.0001,4749,,,
3,,4749,,1.0314241647720337,
,0.0001,4759,,,
3,,4759,,1.035656213760376,
,0.0001,4769,,,
3,,4769,,1.0319042205810547,
,0.0001,4779,,,
3,,4779,,1.0485261678695679,
,0.0001,4789,,,
3,,4789,,1.034779667854309,
,0.0001,4799,,,
3,,4799,,1.029863953590393,
,0.0001,4809,,,
3,,4809,,1.029826283454895,
,0.0001,4819,,,
3,,4819,,1.027239441871643,
,0.0001,4829,,,
3,,4829,,1.033632755279541,
,0.0001,4839,,,
3,,4839,,1.0248208045959473,
,0.0001,4849,,,
3,,4849,,1.027167797088623,
,0.0001,4859,,,
3,,4859,,1.0379414558410645,
,0.0001,4869,,,
3,,4869,,1.0370467901229858,
,0.0001,4879,,,
3,,4879,,1.0339170694351196,
,0.0001,4889,,,
3,,4889,,1.0277985334396362,
,0.0001,4899,,,
3,,4899,,1.035534381866455,
,0.0001,4909,,,
3,,4909,,1.038324236869812,
,0.0001,4919,,,
3,,4919,,1.0287928581237793,
3,,4919,,,1.0357738733291626
3,,4919,1.0351394414901733,,
,0.0001,4929,,,
4,,4929,,1.0240477323532104,
,0.0001,4939,,,
4,,4939,,1.027840495109558,
,0.0001,4949,,,
4,,4949,,1.0282984972000122,
,0.0001,4959,,,
4,,4959,,1.0389832258224487,
,0.0001,4969,,,
4,,4969,,1.0339983701705933,
,0.0001,4979,,,
4,,4979,,1.046010971069336,
,0.0001,4989,,,
4,,4989,,1.0302740335464478,
,0.0001,4999,,,
4,,4999,,1.028949499130249,
,0.0001,5009,,,
4,,5009,,1.0339397192001343,
,0.0001,5019,,,
4,,5019,,1.0330255031585693,
,0.0001,5029,,,
4,,5029,,1.0286157131195068,
,0.0001,5039,,,
4,,5039,,1.033896803855896,
,0.0001,5049,,,
4,,5049,,1.0360819101333618,
,0.0001,5059,,,
4,,5059,,1.0404582023620605,
,0.0001,5069,,,
4,,5069,,1.0300160646438599,
,0.0001,5079,,,
4,,5079,,1.0278853178024292,
,0.0001,5089,,,
4,,5089,,1.0242114067077637,
,0.0001,5099,,,
4,,5099,,1.0278398990631104,
,0.0001,5109,,,
4,,5109,,1.039552092552185,
,0.0001,5119,,,
4,,5119,,1.032333493232727,
,0.0001,5129,,,
4,,5129,,1.0276684761047363,
,0.0001,5139,,,
4,,5139,,1.0354007482528687,
,0.0001,5149,,,
4,,5149,,1.0379002094268799,
,0.0001,5159,,,
4,,5159,,1.0322399139404297,
,0.0001,5169,,,
4,,5169,,1.043557047843933,
,0.0001,5179,,,
4,,5179,,1.038886547088623,
,0.0001,5189,,,
4,,5189,,1.0414618253707886,
,0.0001,5199,,,
4,,5199,,1.036448359489441,
,0.0001,5209,,,
4,,5209,,1.0297502279281616,
,0.0001,5219,,,
4,,5219,,1.0335376262664795,
,0.0001,5229,,,
4,,5229,,1.0340861082077026,
,0.0001,5239,,,
4,,5239,,1.028378963470459,
,0.0001,5249,,,
4,,5249,,1.0374771356582642,
,0.0001,5259,,,
4,,5259,,1.0223098993301392,
,0.0001,5269,,,
4,,5269,,1.0287364721298218,
,0.0001,5279,,,
4,,5279,,1.0409655570983887,
,0.0001,5289,,,
4,,5289,,1.0500129461288452,
,0.0001,5299,,,
4,,5299,,1.0398792028427124,
,0.0001,5309,,,
4,,5309,,1.0261136293411255,
,0.0001,5319,,,
4,,5319,,1.0353398323059082,
,0.0001,5329,,,
4,,5329,,1.0430831909179688,
,0.0001,5339,,,
4,,5339,,1.0287984609603882,
,0.0001,5349,,,
4,,5349,,1.0357043743133545,
,0.0001,5359,,,
4,,5359,,1.0345056056976318,
,0.0001,5369,,,
4,,5369,,1.0275856256484985,
,0.0001,5379,,,
4,,5379,,1.0344712734222412,
,0.0001,5389,,,
4,,5389,,1.0346214771270752,
,0.0001,5399,,,
4,,5399,,1.030011773109436,
,0.0001,5409,,,
4,,5409,,1.039621114730835,
,0.0001,5419,,,
4,,5419,,1.031235933303833,
,0.0001,5429,,,
4,,5429,,1.0318208932876587,
,0.0001,5439,,,
4,,5439,,1.0345016717910767,
,0.0001,5449,,,
4,,5449,,1.0345464944839478,
,0.0001,5459,,,
4,,5459,,1.0409773588180542,
,0.0001,5469,,,
4,,5469,,1.0375511646270752,
,0.0001,5479,,,
4,,5479,,1.0345600843429565,
,0.0001,5489,,,
4,,5489,,1.0357204675674438,
,0.0001,5499,,,
4,,5499,,1.032746434211731,
,0.0001,5509,,,
4,,5509,,1.0315691232681274,
,0.0001,5519,,,
4,,5519,,1.031761884689331,
,0.0001,5529,,,
4,,5529,,1.0318145751953125,
,0.0001,5539,,,
4,,5539,,1.0300852060317993,
,0.0001,5549,,,
4,,5549,,1.0395852327346802,
,0.0001,5559,,,
4,,5559,,1.028959035873413,
,0.0001,5569,,,
4,,5569,,1.0295226573944092,
,0.0001,5579,,,
4,,5579,,1.0295393466949463,
,0.0001,5589,,,
4,,5589,,1.0427043437957764,
,0.0001,5599,,,
4,,5599,,1.0282717943191528,
,0.0001,5609,,,
4,,5609,,1.038346290588379,
,0.0001,5619,,,
4,,5619,,1.0314778089523315,
,0.0001,5629,,,
4,,5629,,1.0348628759384155,
,0.0001,5639,,,
4,,5639,,1.0250688791275024,
,0.0001,5649,,,
4,,5649,,1.0294215679168701,
,0.0001,5659,,,
4,,5659,,1.0457693338394165,
,0.0001,5669,,,
4,,5669,,1.0368438959121704,
,0.0001,5679,,,
4,,5679,,1.0319993495941162,
,0.0001,5689,,,
4,,5689,,1.0218465328216553,
,0.0001,5699,,,
4,,5699,,1.028176188468933,
,0.0001,5709,,,
4,,5709,,1.028118371963501,
,0.0001,5719,,,
4,,5719,,1.0281823873519897,
,0.0001,5729,,,
4,,5729,,1.033703088760376,
,0.0001,5739,,,
4,,5739,,1.03223717212677,
,0.0001,5749,,,
4,,5749,,1.0308873653411865,
,0.0001,5759,,,
4,,5759,,1.0272775888442993,
,0.0001,5769,,,
4,,5769,,1.0276328325271606,
,0.0001,5779,,,
4,,5779,,1.0253632068634033,
,0.0001,5789,,,
4,,5789,,1.0323952436447144,
,0.0001,5799,,,
4,,5799,,1.0368462800979614,
,0.0001,5809,,,
4,,5809,,1.033036470413208,
,0.0001,5819,,,
4,,5819,,1.0364445447921753,
,0.0001,5829,,,
4,,5829,,1.023076057434082,
,0.0001,5839,,,
4,,5839,,1.0327365398406982,
,0.0001,5849,,,
4,,5849,,1.0356032848358154,
,0.0001,5859,,,
4,,5859,,1.0204349756240845,
,0.0001,5869,,,
4,,5869,,1.035994529724121,
,0.0001,5879,,,
4,,5879,,1.0321719646453857,
,0.0001,5889,,,
4,,5889,,1.0443193912506104,
,0.0001,5899,,,
4,,5899,,1.022911548614502,
,0.0001,5909,,,
4,,5909,,1.0258665084838867,
,0.0001,5919,,,
4,,5919,,1.0281071662902832,
,0.0001,5929,,,
4,,5929,,1.0402638912200928,
,0.0001,5939,,,
4,,5939,,1.0305224657058716,
,0.0001,5949,,,
4,,5949,,1.029136061668396,
,0.0001,5959,,,
4,,5959,,1.029110312461853,
,0.0001,5969,,,
4,,5969,,1.0295945405960083,
,0.0001,5979,,,
4,,5979,,1.0413073301315308,
,0.0001,5989,,,
4,,5989,,1.0347380638122559,
,0.0001,5999,,,
4,,5999,,1.0302153825759888,
,0.0001,6009,,,
4,,6009,,1.0507372617721558,
,0.0001,6019,,,
4,,6019,,1.0377308130264282,
,0.0001,6029,,,
4,,6029,,1.0287861824035645,
,0.0001,6039,,,
4,,6039,,1.0245455503463745,
,0.0001,6049,,,
4,,6049,,1.0250130891799927,
,0.0001,6059,,,
4,,6059,,1.0190436840057373,
,0.0001,6069,,,
4,,6069,,1.043679118156433,
,0.0001,6079,,,
4,,6079,,1.040098786354065,
,0.0001,6089,,,
4,,6089,,1.0365664958953857,
,0.0001,6099,,,
4,,6099,,1.0334038734436035,
,0.0001,6109,,,
4,,6109,,1.0339099168777466,
,0.0001,6119,,,
4,,6119,,1.0410752296447754,
,0.0001,6129,,,
4,,6129,,1.0323545932769775,
,0.0001,6139,,,
4,,6139,,1.038839340209961,
,0.0001,6149,,,
4,,6149,,1.0334492921829224,
4,,6149,,,1.03335440158844
4,,6149,1.0331329107284546,,
,0.0001,6159,,,
5,,6159,,1.0292680263519287,
,0.0001,6169,,,
5,,6169,,1.0321612358093262,
,0.0001,6179,,,
5,,6179,,1.0293326377868652,
,0.0001,6189,,,
5,,6189,,1.0283572673797607,
,0.0001,6199,,,
5,,6199,,1.0281596183776855,
,0.0001,6209,,,
5,,6209,,1.0281867980957031,
,0.0001,6219,,,
5,,6219,,1.0252277851104736,
,0.0001,6229,,,
5,,6229,,1.0260593891143799,
,0.0001,6239,,,
5,,6239,,1.0243942737579346,
,0.0001,6249,,,
5,,6249,,1.0454084873199463,
,0.0001,6259,,,
5,,6259,,1.0260957479476929,
,0.0001,6269,,,
5,,6269,,1.040470004081726,
,0.0001,6279,,,
5,,6279,,1.0231014490127563,
,0.0001,6289,,,
5,,6289,,1.0486102104187012,
,0.0001,6299,,,
5,,6299,,1.0371413230895996,
,0.0001,6309,,,
5,,6309,,1.0265872478485107,
,0.0001,6319,,,
5,,6319,,1.0368365049362183,
,0.0001,6329,,,
5,,6329,,1.0278072357177734,
,0.0001,6339,,,
5,,6339,,1.0430091619491577,
,0.0001,6349,,,
5,,6349,,1.037252426147461,
,0.0001,6359,,,
5,,6359,,1.038910150527954,
,0.0001,6369,,,
5,,6369,,1.037214756011963,
,0.0001,6379,,,
5,,6379,,1.0317517518997192,
,0.0001,6389,,,
5,,6389,,1.033980369567871,
,0.0001,6399,,,
5,,6399,,1.030687928199768,
,0.0001,6409,,,
5,,6409,,1.0300108194351196,
,0.0001,6419,,,
5,,6419,,1.026698350906372,
,0.0001,6429,,,
5,,6429,,1.0354650020599365,
,0.0001,6439,,,
5,,6439,,1.0201709270477295,
,0.0001,6449,,,
5,,6449,,1.024366021156311,
,0.0001,6459,,,
5,,6459,,1.0358387231826782,
,0.0001,6469,,,
5,,6469,,1.0328450202941895,
,0.0001,6479,,,
5,,6479,,1.0314998626708984,
,0.0001,6489,,,
5,,6489,,1.0357848405838013,
,0.0001,6499,,,
5,,6499,,1.0289397239685059,
,0.0001,6509,,,
5,,6509,,1.0274176597595215,
,0.0001,6519,,,
5,,6519,,1.0302406549453735,
,0.0001,6529,,,
5,,6529,,1.0270813703536987,
,0.0001,6539,,,
5,,6539,,1.0310044288635254,
,0.0001,6549,,,
5,,6549,,1.031677007675171,
,0.0001,6559,,,
5,,6559,,1.0199365615844727,
,0.0001,6569,,,
5,,6569,,1.0304287672042847,
,0.0001,6579,,,
5,,6579,,1.0292807817459106,
,0.0001,6589,,,
5,,6589,,1.0330899953842163,
,0.0001,6599,,,
5,,6599,,1.0276011228561401,
,0.0001,6609,,,
5,,6609,,1.0240062475204468,
,0.0001,6619,,,
5,,6619,,1.0266649723052979,
,0.0001,6629,,,
5,,6629,,1.0246737003326416,
,0.0001,6639,,,
5,,6639,,1.026516318321228,
,0.0001,6649,,,
5,,6649,,1.029089093208313,
,0.0001,6659,,,
5,,6659,,1.0302075147628784,
,0.0001,6669,,,
5,,6669,,1.0192787647247314,
,0.0001,6679,,,
5,,6679,,1.0340092182159424,
,0.0001,6689,,,
5,,6689,,1.032598614692688,
,0.0001,6699,,,
5,,6699,,1.0352333784103394,
,0.0001,6709,,,
5,,6709,,1.0302320718765259,
,0.0001,6719,,,
5,,6719,,1.0288102626800537,
,0.0001,6729,,,
5,,6729,,1.0262173414230347,
,0.0001,6739,,,
5,,6739,,1.0291211605072021,
,0.0001,6749,,,
5,,6749,,1.0394964218139648,
,0.0001,6759,,,
5,,6759,,1.0282069444656372,
,0.0001,6769,,,
5,,6769,,1.0330055952072144,
,0.0001,6779,,,
5,,6779,,1.030300498008728,
,0.0001,6789,,,
5,,6789,,1.025046706199646,
,0.0001,6799,,,
5,,6799,,1.0329105854034424,
,0.0001,6809,,,
5,,6809,,1.0298618078231812,
,0.0001,6819,,,
5,,6819,,1.030377745628357,
,0.0001,6829,,,
5,,6829,,1.0335928201675415,
,0.0001,6839,,,
5,,6839,,1.0329471826553345,
,0.0001,6849,,,
5,,6849,,1.0276050567626953,
,0.0001,6859,,,
5,,6859,,1.0295490026474,
,0.0001,6869,,,
5,,6869,,1.023982286453247,
,0.0001,6879,,,
5,,6879,,1.0297054052352905,
,0.0001,6889,,,
5,,6889,,1.0308781862258911,
,0.0001,6899,,,
5,,6899,,1.0277290344238281,
,0.0001,6909,,,
5,,6909,,1.0330103635787964,
,0.0001,6919,,,
5,,6919,,1.0268968343734741,
,0.0001,6929,,,
5,,6929,,1.036478877067566,
,0.0001,6939,,,
5,,6939,,1.0281248092651367,
,0.0001,6949,,,
5,,6949,,1.0351505279541016,
,0.0001,6959,,,
5,,6959,,1.0364476442337036,
,0.0001,6969,,,
5,,6969,,1.0306733846664429,
,0.0001,6979,,,
5,,6979,,1.0238603353500366,
,0.0001,6989,,,
5,,6989,,1.0268412828445435,
,0.0001,6999,,,
5,,6999,,1.026673436164856,
,0.0001,7009,,,
5,,7009,,1.0194493532180786,
,0.0001,7019,,,
5,,7019,,1.0406948328018188,
,0.0001,7029,,,
5,,7029,,1.0341458320617676,
,0.0001,7039,,,
5,,7039,,1.0287110805511475,
,0.0001,7049,,,
5,,7049,,1.0309758186340332,
,0.0001,7059,,,
5,,7059,,1.0281485319137573,
,0.0001,7069,,,
5,,7069,,1.029129981994629,
,0.0001,7079,,,
5,,7079,,1.0309340953826904,
,0.0001,7089,,,
5,,7089,,1.0285803079605103,
,0.0001,7099,,,
5,,7099,,1.0265116691589355,
,0.0001,7109,,,
5,,7109,,1.0279831886291504,
,0.0001,7119,,,
5,,7119,,1.0353608131408691,
,0.0001,7129,,,
5,,7129,,1.0238014459609985,
,0.0001,7139,,,
5,,7139,,1.0287498235702515,
,0.0001,7149,,,
5,,7149,,1.0372406244277954,
,0.0001,7159,,,
5,,7159,,1.028578519821167,
,0.0001,7169,,,
5,,7169,,1.0315567255020142,
,0.0001,7179,,,
5,,7179,,1.0300359725952148,
,0.0001,7189,,,
5,,7189,,1.0194233655929565,
,0.0001,7199,,,
5,,7199,,1.0356923341751099,
,0.0001,7209,,,
5,,7209,,1.0295462608337402,
,0.0001,7219,,,
5,,7219,,1.0250557661056519,
,0.0001,7229,,,
5,,7229,,1.0317171812057495,
,0.0001,7239,,,
5,,7239,,1.0323277711868286,
,0.0001,7249,,,
5,,7249,,1.0328516960144043,
,0.0001,7259,,,
5,,7259,,1.0308679342269897,
,0.0001,7269,,,
5,,7269,,1.0299497842788696,
,0.0001,7279,,,
5,,7279,,1.0245403051376343,
,0.0001,7289,,,
5,,7289,,1.0254236459732056,
,0.0001,7299,,,
5,,7299,,1.029067039489746,
,0.0001,7309,,,
5,,7309,,1.0233265161514282,
,0.0001,7319,,,
5,,7319,,1.0276991128921509,
,0.0001,7329,,,
5,,7329,,1.0284847021102905,
,0.0001,7339,,,
5,,7339,,1.0243655443191528,
,0.0001,7349,,,
5,,7349,,1.0367125272750854,
,0.0001,7359,,,
5,,7359,,1.0273653268814087,
,0.0001,7369,,,
5,,7369,,1.0293161869049072,
,0.0001,7379,,,
5,,7379,,1.0407718420028687,
5,,7379,,,1.032016634941101
5,,7379,1.030889868736267,,
,0.0001,7389,,,
6,,7389,,1.0235552787780762,
,0.0001,7399,,,
6,,7399,,1.024171233177185,
,0.0001,7409,,,
6,,7409,,1.0252686738967896,
,0.0001,7419,,,
6,,7419,,1.0371439456939697,
,0.0001,7429,,,
6,,7429,,1.0292645692825317,
,0.0001,7439,,,
6,,7439,,1.024802327156067,
,0.0001,7449,,,
6,,7449,,1.0278067588806152,
,0.0001,7459,,,
6,,7459,,1.023455023765564,
,0.0001,7469,,,
6,,7469,,1.0257607698440552,
,0.0001,7479,,,
6,,7479,,1.0295904874801636,
,0.0001,7489,,,
6,,7489,,1.0258162021636963,
,0.0001,7499,,,
6,,7499,,1.027225375175476,
,0.0001,7509,,,
6,,7509,,1.0184948444366455,
,0.0001,7519,,,
6,,7519,,1.0237540006637573,
,0.0001,7529,,,
6,,7529,,1.0269707441329956,
,0.0001,7539,,,
6,,7539,,1.0293688774108887,
,0.0001,7549,,,
6,,7549,,1.0326781272888184,
,0.0001,7559,,,
6,,7559,,1.0371475219726562,
,0.0001,7569,,,
6,,7569,,1.0334397554397583,
,0.0001,7579,,,
6,,7579,,1.0316157341003418,
,0.0001,7589,,,
6,,7589,,1.0268208980560303,
,0.0001,7599,,,
6,,7599,,1.0293141603469849,
,0.0001,7609,,,
6,,7609,,1.039791226387024,
,0.0001,7619,,,
6,,7619,,1.0276025533676147,
,0.0001,7629,,,
6,,7629,,1.0288561582565308,
,0.0001,7639,,,
6,,7639,,1.0197173357009888,
,0.0001,7649,,,
6,,7649,,1.0317152738571167,
,0.0001,7659,,,
6,,7659,,1.0315536260604858,
,0.0001,7669,,,
6,,7669,,1.026814579963684,
,0.0001,7679,,,
6,,7679,,1.0397381782531738,
,0.0001,7689,,,
6,,7689,,1.0246813297271729,
,0.0001,7699,,,
6,,7699,,1.0279051065444946,
,0.0001,7709,,,
6,,7709,,1.0250861644744873,
,0.0001,7719,,,
6,,7719,,1.0276415348052979,
,0.0001,7729,,,
6,,7729,,1.031880497932434,
,0.0001,7739,,,
6,,7739,,1.021435022354126,
,0.0001,7749,,,
6,,7749,,1.026650071144104,
,0.0001,7759,,,
6,,7759,,1.0309556722640991,
,0.0001,7769,,,
6,,7769,,1.0253857374191284,
,0.0001,7779,,,
6,,7779,,1.0282132625579834,
,0.0001,7789,,,
6,,7789,,1.0351742506027222,
,0.0001,7799,,,
6,,7799,,1.0430917739868164,
,0.0001,7809,,,
6,,7809,,1.0357694625854492,
,0.0001,7819,,,
6,,7819,,1.0289592742919922,
,0.0001,7829,,,
6,,7829,,1.0277599096298218,
,0.0001,7839,,,
6,,7839,,1.0294722318649292,
,0.0001,7849,,,
6,,7849,,1.0308855772018433,
,0.0001,7859,,,
6,,7859,,1.0307005643844604,
,0.0001,7869,,,
6,,7869,,1.0387071371078491,
,0.0001,7879,,,
6,,7879,,1.019660234451294,
,0.0001,7889,,,
6,,7889,,1.024507761001587,
,0.0001,7899,,,
6,,7899,,1.0261743068695068,
,0.0001,7909,,,
6,,7909,,1.0281553268432617,
,0.0001,7919,,,
6,,7919,,1.03384268283844,
,0.0001,7929,,,
6,,7929,,1.038825511932373,
,0.0001,7939,,,
6,,7939,,1.0328319072723389,
,0.0001,7949,,,
6,,7949,,1.0182156562805176,
,0.0001,7959,,,
6,,7959,,1.0345509052276611,
,0.0001,7969,,,
6,,7969,,1.02906334400177,
,0.0001,7979,,,
6,,7979,,1.0241258144378662,
,0.0001,7989,,,
6,,7989,,1.03378164768219,
,0.0001,7999,,,
6,,7999,,1.0300681591033936,
,0.0001,8009,,,
6,,8009,,1.0325448513031006,
,0.0001,8019,,,
6,,8019,,1.0334572792053223,
,0.0001,8029,,,
6,,8029,,1.0270849466323853,
,0.0001,8039,,,
6,,8039,,1.0300706624984741,
,0.0001,8049,,,
6,,8049,,1.0275771617889404,
,0.0001,8059,,,
6,,8059,,1.0257294178009033,
,0.0001,8069,,,
6,,8069,,1.026408076286316,
,0.0001,8079,,,
6,,8079,,1.0217372179031372,
,0.0001,8089,,,
6,,8089,,1.028395652770996,
,0.0001,8099,,,
6,,8099,,1.0306504964828491,
,0.0001,8109,,,
6,,8109,,1.0279688835144043,
,0.0001,8119,,,
6,,8119,,1.0285212993621826,
,0.0001,8129,,,
6,,8129,,1.0328164100646973,
,0.0001,8139,,,
6,,8139,,1.0229337215423584,
,0.0001,8149,,,
6,,8149,,1.035373568534851,
,0.0001,8159,,,
6,,8159,,1.0286264419555664,
,0.0001,8169,,,
6,,8169,,1.0376514196395874,
,0.0001,8179,,,
6,,8179,,1.0335692167282104,
,0.0001,8189,,,
6,,8189,,1.0280930995941162,
,0.0001,8199,,,
6,,8199,,1.0271859169006348,
,0.0001,8209,,,
6,,8209,,1.022680401802063,
,0.0001,8219,,,
6,,8219,,1.02579665184021,
,0.0001,8229,,,
6,,8229,,1.0251163244247437,
,0.0001,8239,,,
6,,8239,,1.0325301885604858,
,0.0001,8249,,,
6,,8249,,1.038496494293213,
,0.0001,8259,,,
6,,8259,,1.0271965265274048,
,0.0001,8269,,,
6,,8269,,1.0327259302139282,
,0.0001,8279,,,
6,,8279,,1.025802731513977,
,0.0001,8289,,,
6,,8289,,1.030635118484497,
,0.0001,8299,,,
6,,8299,,1.027012825012207,
,0.0001,8309,,,
6,,8309,,1.0310169458389282,
,0.0001,8319,,,
6,,8319,,1.0313515663146973,
,0.0001,8329,,,
6,,8329,,1.0281180143356323,
,0.0001,8339,,,
6,,8339,,1.0266833305358887,
,0.0001,8349,,,
6,,8349,,1.0269008874893188,
,0.0001,8359,,,
6,,8359,,1.0289314985275269,
,0.0001,8369,,,
6,,8369,,1.0353808403015137,
,0.0001,8379,,,
6,,8379,,1.0228617191314697,
,0.0001,8389,,,
6,,8389,,1.0307973623275757,
,0.0001,8399,,,
6,,8399,,1.0510715246200562,
,0.0001,8409,,,
6,,8409,,1.0422693490982056,
,0.0001,8419,,,
6,,8419,,1.0307598114013672,
,0.0001,8429,,,
6,,8429,,1.0370718240737915,
,0.0001,8439,,,
6,,8439,,1.0231118202209473,
,0.0001,8449,,,
6,,8449,,1.0408490896224976,
,0.0001,8459,,,
6,,8459,,1.034089207649231,
,0.0001,8469,,,
6,,8469,,1.0303219556808472,
,0.0001,8479,,,
6,,8479,,1.022260308265686,
,0.0001,8489,,,
6,,8489,,1.0230536460876465,
,0.0001,8499,,,
6,,8499,,1.0297095775604248,
,0.0001,8509,,,
6,,8509,,1.0262997150421143,
,0.0001,8519,,,
6,,8519,,1.0293651819229126,
,0.0001,8529,,,
6,,8529,,1.0341087579727173,
,0.0001,8539,,,
6,,8539,,1.0216145515441895,
,0.0001,8549,,,
6,,8549,,1.022297739982605,
,0.0001,8559,,,
6,,8559,,1.0269525051116943,
,0.0001,8569,,,
6,,8569,,1.0281720161437988,
,0.0001,8579,,,
6,,8579,,1.0343652963638306,
,0.0001,8589,,,
6,,8589,,1.0432614088058472,
,0.0001,8599,,,
6,,8599,,1.0264500379562378,
,0.0001,8609,,,
6,,8609,,1.0444421768188477,
6,,8609,,,1.0306851863861084
6,,8609,1.0294537544250488,,
,0.0001,8619,,,
7,,8619,,1.0250294208526611,
,0.0001,8629,,,
7,,8629,,1.0334051847457886,
,0.0001,8639,,,
7,,8639,,1.0285640954971313,
,0.0001,8649,,,
7,,8649,,1.0206177234649658,
,0.0001,8659,,,
7,,8659,,1.0270718336105347,
,0.0001,8669,,,
7,,8669,,1.0289411544799805,
,0.0001,8679,,,
7,,8679,,1.0319788455963135,
,0.0001,8689,,,
7,,8689,,1.0327624082565308,
,0.0001,8699,,,
7,,8699,,1.0356371402740479,
,0.0001,8709,,,
7,,8709,,1.041689395904541,
,0.0001,8719,,,
7,,8719,,1.0226737260818481,
,0.0001,8729,,,
7,,8729,,1.032149076461792,
,0.0001,8739,,,
7,,8739,,1.0282621383666992,
,0.0001,8749,,,
7,,8749,,1.0263423919677734,
,0.0001,8759,,,
7,,8759,,1.0319485664367676,
,0.0001,8769,,,
7,,8769,,1.0310221910476685,
,0.0001,8779,,,
7,,8779,,1.027909755706787,
,0.0001,8789,,,
7,,8789,,1.0337002277374268,
,0.0001,8799,,,
7,,8799,,1.0189622640609741,
,0.0001,8809,,,
7,,8809,,1.0224268436431885,
,0.0001,8819,,,
7,,8819,,1.025444746017456,
,0.0001,8829,,,
7,,8829,,1.030722975730896,
,0.0001,8839,,,
7,,8839,,1.02813720703125,
,0.0001,8849,,,
7,,8849,,1.0200785398483276,
,0.0001,8859,,,
7,,8859,,1.0268083810806274,
,0.0001,8869,,,
7,,8869,,1.023542881011963,
,0.0001,8879,,,
7,,8879,,1.0232949256896973,
,0.0001,8889,,,
7,,8889,,1.0258911848068237,
,0.0001,8899,,,
7,,8899,,1.0261869430541992,
,0.0001,8909,,,
7,,8909,,1.029375433921814,
,0.0001,8919,,,
7,,8919,,1.0267606973648071,
,0.0001,8929,,,
7,,8929,,1.0261356830596924,
,0.0001,8939,,,
7,,8939,,1.0326987504959106,
,0.0001,8949,,,
7,,8949,,1.0276389122009277,
,0.0001,8959,,,
7,,8959,,1.0235259532928467,
,0.0001,8969,,,
7,,8969,,1.029141902923584,
,0.0001,8979,,,
7,,8979,,1.0266916751861572,
,0.0001,8989,,,
7,,8989,,1.0393784046173096,
,0.0001,8999,,,
7,,8999,,1.0228711366653442,
,0.0001,9009,,,
7,,9009,,1.024084210395813,
,0.0001,9019,,,
7,,9019,,1.0184074640274048,
,0.0001,9029,,,
7,,9029,,1.0292043685913086,
,0.0001,9039,,,
7,,9039,,1.0242418050765991,
,0.0001,9049,,,
7,,9049,,1.0339853763580322,
,0.0001,9059,,,
7,,9059,,1.0317871570587158,
,0.0001,9069,,,
7,,9069,,1.02843177318573,
,0.0001,9079,,,
7,,9079,,1.0394566059112549,
,0.0001,9089,,,
7,,9089,,1.024833083152771,
,0.0001,9099,,,
7,,9099,,1.0309795141220093,
,0.0001,9109,,,
7,,9109,,1.036930799484253,
,0.0001,9119,,,
7,,9119,,1.0224195718765259,
,0.0001,9129,,,
7,,9129,,1.0319370031356812,
,0.0001,9139,,,
7,,9139,,1.0351632833480835,
,0.0001,9149,,,
7,,9149,,1.0481945276260376,
,0.0001,9159,,,
7,,9159,,1.0233540534973145,
,0.0001,9169,,,
7,,9169,,1.0363572835922241,
,0.0001,9179,,,
7,,9179,,1.0265141725540161,
,0.0001,9189,,,
7,,9189,,1.025871753692627,
,0.0001,9199,,,
7,,9199,,1.0247187614440918,
,0.0001,9209,,,
7,,9209,,1.0220733880996704,
,0.0001,9219,,,
7,,9219,,1.0275830030441284,
,0.0001,9229,,,
7,,9229,,1.0280944108963013,
,0.0001,9239,,,
7,,9239,,1.027960181236267,
,0.0001,9249,,,
7,,9249,,1.0312854051589966,
,0.0001,9259,,,
7,,9259,,1.0232077836990356,
,0.0001,9269,,,
7,,9269,,1.025115966796875,
,0.0001,9279,,,
7,,9279,,1.028450846672058,
,0.0001,9289,,,
7,,9289,,1.0264194011688232,
,0.0001,9299,,,
7,,9299,,1.0342402458190918,
,0.0001,9309,,,
7,,9309,,1.0293090343475342,
,0.0001,9319,,,
7,,9319,,1.028213381767273,
,0.0001,9329,,,
7,,9329,,1.023543119430542,
,0.0001,9339,,,
7,,9339,,1.0251483917236328,
,0.0001,9349,,,
7,,9349,,1.0237994194030762,
,0.0001,9359,,,
7,,9359,,1.0314021110534668,
,0.0001,9369,,,
7,,9369,,1.0298008918762207,
,0.0001,9379,,,
7,,9379,,1.0251657962799072,
,0.0001,9389,,,
7,,9389,,1.0259085893630981,
,0.0001,9399,,,
7,,9399,,1.0332574844360352,
,0.0001,9409,,,
7,,9409,,1.0327999591827393,
,0.0001,9419,,,
7,,9419,,1.0287916660308838,
,0.0001,9429,,,
7,,9429,,1.0248216390609741,
,0.0001,9439,,,
7,,9439,,1.0316734313964844,
,0.0001,9449,,,
7,,9449,,1.0410209894180298,
,0.0001,9459,,,
7,,9459,,1.0254385471343994,
,0.0001,9469,,,
7,,9469,,1.023565649986267,
,0.0001,9479,,,
7,,9479,,1.027767539024353,
,0.0001,9489,,,
7,,9489,,1.0262315273284912,
,0.0001,9499,,,
7,,9499,,1.0267976522445679,
,0.0001,9509,,,
7,,9509,,1.030285358428955,
,0.0001,9519,,,
7,,9519,,1.0303125381469727,
,0.0001,9529,,,
7,,9529,,1.0232871770858765,
,0.0001,9539,,,
7,,9539,,1.0264140367507935,
,0.0001,9549,,,
7,,9549,,1.0259227752685547,
,0.0001,9559,,,
7,,9559,,1.0238875150680542,
,0.0001,9569,,,
7,,9569,,1.0319803953170776,
,0.0001,9579,,,
7,,9579,,1.0365551710128784,
,0.0001,9589,,,
7,,9589,,1.0199081897735596,
,0.0001,9599,,,
7,,9599,,1.0317496061325073,
,0.0001,9609,,,
7,,9609,,1.0277705192565918,
,0.0001,9619,,,
7,,9619,,1.0202175378799438,
,0.0001,9629,,,
7,,9629,,1.031202793121338,
,0.0001,9639,,,
7,,9639,,1.0269352197647095,
,0.0001,9649,,,
7,,9649,,1.0312196016311646,
,0.0001,9659,,,
7,,9659,,1.031221628189087,
,0.0001,9669,,,
7,,9669,,1.0336332321166992,
,0.0001,9679,,,
7,,9679,,1.0276196002960205,
,0.0001,9689,,,
7,,9689,,1.0238806009292603,
,0.0001,9699,,,
7,,9699,,1.0345051288604736,
,0.0001,9709,,,
7,,9709,,1.0178866386413574,
,0.0001,9719,,,
7,,9719,,1.014821171760559,
,0.0001,9729,,,
7,,9729,,1.0240141153335571,
,0.0001,9739,,,
7,,9739,,1.0249114036560059,
,0.0001,9749,,,
7,,9749,,1.0314443111419678,
,0.0001,9759,,,
7,,9759,,1.034480333328247,
,0.0001,9769,,,
7,,9769,,1.0309562683105469,
,0.0001,9779,,,
7,,9779,,1.0261847972869873,
,0.0001,9789,,,
7,,9789,,1.0329264402389526,
,0.0001,9799,,,
7,,9799,,1.0214341878890991,
,0.0001,9809,,,
7,,9809,,1.0265239477157593,
,0.0001,9819,,,
7,,9819,,1.0295625925064087,
,0.0001,9829,,,
7,,9829,,1.0233447551727295,
,0.0001,9839,,,
7,,9839,,1.0251078605651855,
7,,9839,,,1.0299575328826904
7,,9839,1.0285756587982178,,
,0.0001,9849,,,
8,,9849,,1.0351877212524414,
,0.0001,9859,,,
8,,9859,,1.0378806591033936,
,0.0001,9869,,,
8,,9869,,1.031544804573059,
,0.0001,9879,,,
8,,9879,,1.0239672660827637,
,0.0001,9889,,,
8,,9889,,1.027601957321167,
,0.0001,9899,,,
8,,9899,,1.0377920866012573,
,0.0001,9909,,,
8,,9909,,1.0403039455413818,
,0.0001,9919,,,
8,,9919,,1.0314452648162842,
,0.0001,9929,,,
8,,9929,,1.0303499698638916,
,0.0001,9939,,,
8,,9939,,1.0279804468154907,
,0.0001,9949,,,
8,,9949,,1.022412657737732,
,0.0001,9959,,,
8,,9959,,1.0322329998016357,
,0.0001,9969,,,
8,,9969,,1.0214898586273193,
,0.0001,9979,,,
8,,9979,,1.0297536849975586,
,0.0001,9989,,,
8,,9989,,1.0366032123565674,
,0.0001,9999,,,
8,,9999,,1.0332622528076172,
,0.0001,10009,,,
8,,10009,,1.0361679792404175,
,0.0001,10019,,,
8,,10019,,1.0236034393310547,
,0.0001,10029,,,
8,,10029,,1.0302423238754272,
,0.0001,10039,,,
8,,10039,,1.031138300895691,
,0.0001,10049,,,
8,,10049,,1.0292552709579468,
,0.0001,10059,,,
8,,10059,,1.0226534605026245,
,0.0001,10069,,,
8,,10069,,1.024904727935791,
,0.0001,10079,,,
8,,10079,,1.0227315425872803,
,0.0001,10089,,,
8,,10089,,1.022844910621643,
,0.0001,10099,,,
8,,10099,,1.028313398361206,
,0.0001,10109,,,
8,,10109,,1.0262397527694702,
,0.0001,10119,,,
8,,10119,,1.0374804735183716,
,0.0001,10129,,,
8,,10129,,1.0291334390640259,
,0.0001,10139,,,
8,,10139,,1.0223175287246704,
,0.0001,10149,,,
8,,10149,,1.0268346071243286,
,0.0001,10159,,,
8,,10159,,1.0234272480010986,
,0.0001,10169,,,
8,,10169,,1.0230222940444946,
,0.0001,10179,,,
8,,10179,,1.0374220609664917,
,0.0001,10189,,,
8,,10189,,1.0201952457427979,
,0.0001,10199,,,
8,,10199,,1.0311871767044067,
,0.0001,10209,,,
8,,10209,,1.0275607109069824,
,0.0001,10219,,,
8,,10219,,1.0228359699249268,
,0.0001,10229,,,
8,,10229,,1.0273990631103516,
,0.0001,10239,,,
8,,10239,,1.021849513053894,
,0.0001,10249,,,
8,,10249,,1.0333119630813599,
,0.0001,10259,,,
8,,10259,,1.0189766883850098,
,0.0001,10269,,,
8,,10269,,1.0316377878189087,
,0.0001,10279,,,
8,,10279,,1.0309274196624756,
,0.0001,10289,,,
8,,10289,,1.0188959836959839,
,0.0001,10299,,,
8,,10299,,1.015234351158142,
,0.0001,10309,,,
8,,10309,,1.0287048816680908,
,0.0001,10319,,,
8,,10319,,1.0317641496658325,
,0.0001,10329,,,
8,,10329,,1.0298088788986206,
,0.0001,10339,,,
8,,10339,,1.0283716917037964,
,0.0001,10349,,,
8,,10349,,1.02875554561615,
,0.0001,10359,,,
8,,10359,,1.0236632823944092,
,0.0001,10369,,,
8,,10369,,1.0247843265533447,
,0.0001,10379,,,
8,,10379,,1.0234888792037964,
,0.0001,10389,,,
8,,10389,,1.03098726272583,
,0.0001,10399,,,
8,,10399,,1.0310479402542114,
,0.0001,10409,,,
8,,10409,,1.0296595096588135,
,0.0001,10419,,,
8,,10419,,1.0201958417892456,
,0.0001,10429,,,
8,,10429,,1.0316743850708008,
,0.0001,10439,,,
8,,10439,,1.0268977880477905,
,0.0001,10449,,,
8,,10449,,1.0288679599761963,
,0.0001,10459,,,
8,,10459,,1.0289808511734009,
,0.0001,10469,,,
8,,10469,,1.0312511920928955,
,0.0001,10479,,,
8,,10479,,1.0366352796554565,
,0.0001,10489,,,
8,,10489,,1.0402228832244873,
,0.0001,10499,,,
8,,10499,,1.033819317817688,
,0.0001,10509,,,
8,,10509,,1.0226484537124634,
,0.0001,10519,,,
8,,10519,,1.0240472555160522,
,0.0001,10529,,,
8,,10529,,1.026456356048584,
,0.0001,10539,,,
8,,10539,,1.0278738737106323,
,0.0001,10549,,,
8,,10549,,1.026360273361206,
,0.0001,10559,,,
8,,10559,,1.0215123891830444,
,0.0001,10569,,,
8,,10569,,1.024656891822815,
,0.0001,10579,,,
8,,10579,,1.0265144109725952,
,0.0001,10589,,,
8,,10589,,1.0275763273239136,
,0.0001,10599,,,
8,,10599,,1.0173635482788086,
,0.0001,10609,,,
8,,10609,,1.026924967765808,
,0.0001,10619,,,
8,,10619,,1.0221710205078125,
,0.0001,10629,,,
8,,10629,,1.0284265279769897,
,0.0001,10639,,,
8,,10639,,1.0274615287780762,
,0.0001,10649,,,
8,,10649,,1.0289860963821411,
,0.0001,10659,,,
8,,10659,,1.0358564853668213,
,0.0001,10669,,,
8,,10669,,1.0253573656082153,
,0.0001,10679,,,
8,,10679,,1.0449984073638916,
,0.0001,10689,,,
8,,10689,,1.0195262432098389,
,0.0001,10699,,,
8,,10699,,1.0266245603561401,
,0.0001,10709,,,
8,,10709,,1.0247846841812134,
,0.0001,10719,,,
8,,10719,,1.021880030632019,
,0.0001,10729,,,
8,,10729,,1.0234367847442627,
,0.0001,10739,,,
8,,10739,,1.0217065811157227,
,0.0001,10749,,,
8,,10749,,1.0296865701675415,
,0.0001,10759,,,
8,,10759,,1.0202369689941406,
,0.0001,10769,,,
8,,10769,,1.0358260869979858,
,0.0001,10779,,,
8,,10779,,1.0282247066497803,
,0.0001,10789,,,
8,,10789,,1.019800066947937,
,0.0001,10799,,,
8,,10799,,1.0216447114944458,
,0.0001,10809,,,
8,,10809,,1.0229616165161133,
,0.0001,10819,,,
8,,10819,,1.023520827293396,
,0.0001,10829,,,
8,,10829,,1.0266096591949463,
,0.0001,10839,,,
8,,10839,,1.0354528427124023,
,0.0001,10849,,,
8,,10849,,1.0386813879013062,
,0.0001,10859,,,
8,,10859,,1.0203970670700073,
,0.0001,10869,,,
8,,10869,,1.02740478515625,
,0.0001,10879,,,
8,,10879,,1.0268888473510742,
,0.0001,10889,,,
8,,10889,,1.0364112854003906,
,0.0001,10899,,,
8,,10899,,1.0361508131027222,
,0.0001,10909,,,
8,,10909,,1.0244617462158203,
,0.0001,10919,,,
8,,10919,,1.0262809991836548,
,0.0001,10929,,,
8,,10929,,1.0203443765640259,
,0.0001,10939,,,
8,,10939,,1.0299986600875854,
,0.0001,10949,,,
8,,10949,,1.0199289321899414,
,0.0001,10959,,,
8,,10959,,1.0235133171081543,
,0.0001,10969,,,
8,,10969,,1.0299248695373535,
,0.0001,10979,,,
8,,10979,,1.0246024131774902,
,0.0001,10989,,,
8,,10989,,1.0265337228775024,
,0.0001,10999,,,
8,,10999,,1.0264308452606201,
,0.0001,11009,,,
8,,11009,,1.0262305736541748,
,0.0001,11019,,,
8,,11019,,1.0259928703308105,
,0.0001,11029,,,
8,,11029,,1.0249683856964111,
,0.0001,11039,,,
8,,11039,,1.0253199338912964,
,0.0001,11049,,,
8,,11049,,1.0249823331832886,
,0.0001,11059,,,
8,,11059,,1.0222816467285156,
,0.0001,11069,,,
8,,11069,,1.0322905778884888,
8,,11069,,,1.0294513702392578
8,,11069,1.027316927909851,,
,0.0001,11079,,,
9,,11079,,1.0223602056503296,
,0.0001,11089,,,
9,,11089,,1.0259884595870972,
,0.0001,11099,,,
9,,11099,,1.0136516094207764,
,0.0001,11109,,,
9,,11109,,1.0236068964004517,
,0.0001,11119,,,
9,,11119,,1.0228956937789917,
,0.0001,11129,,,
9,,11129,,1.0404691696166992,
,0.0001,11139,,,
9,,11139,,1.0349708795547485,
,0.0001,11149,,,
9,,11149,,1.023406744003296,
,0.0001,11159,,,
9,,11159,,1.0264607667922974,
,0.0001,11169,,,
9,,11169,,1.0206378698349,
,0.0001,11179,,,
9,,11179,,1.0301862955093384,
,0.0001,11189,,,
9,,11189,,1.0177820920944214,
,0.0001,11199,,,
9,,11199,,1.0229465961456299,
,0.0001,11209,,,
9,,11209,,1.0188405513763428,
,0.0001,11219,,,
9,,11219,,1.0281826257705688,
,0.0001,11229,,,
9,,11229,,1.0190982818603516,
,0.0001,11239,,,
9,,11239,,1.03041410446167,
,0.0001,11249,,,
9,,11249,,1.0306396484375,
,0.0001,11259,,,
9,,11259,,1.0140891075134277,
,0.0001,11269,,,
9,,11269,,1.0252113342285156,
,0.0001,11279,,,
9,,11279,,1.0347603559494019,
,0.0001,11289,,,
9,,11289,,1.0205602645874023,
,0.0001,11299,,,
9,,11299,,1.025874376296997,
,0.0001,11309,,,
9,,11309,,1.0282907485961914,
,0.0001,11319,,,
9,,11319,,1.0306317806243896,
,0.0001,11329,,,
9,,11329,,1.0242663621902466,
,0.0001,11339,,,
9,,11339,,1.0268290042877197,
,0.0001,11349,,,
9,,11349,,1.0202875137329102,
,0.0001,11359,,,
9,,11359,,1.034278392791748,
,0.0001,11369,,,
9,,11369,,1.0248091220855713,
,0.0001,11379,,,
9,,11379,,1.0215367078781128,
,0.0001,11389,,,
9,,11389,,1.0309022665023804,
,0.0001,11399,,,
9,,11399,,1.0305300951004028,
,0.0001,11409,,,
9,,11409,,1.0366623401641846,
,0.0001,11419,,,
9,,11419,,1.0169316530227661,
,0.0001,11429,,,
9,,11429,,1.029302716255188,
,0.0001,11439,,,
9,,11439,,1.019466519355774,
,0.0001,11449,,,
9,,11449,,1.020996332168579,
,0.0001,11459,,,
9,,11459,,1.0227878093719482,
,0.0001,11469,,,
9,,11469,,1.0331499576568604,
,0.0001,11479,,,
9,,11479,,1.0257391929626465,
,0.0001,11489,,,
9,,11489,,1.017256259918213,
,0.0001,11499,,,
9,,11499,,1.0370445251464844,
,0.0001,11509,,,
9,,11509,,1.0307939052581787,
,0.0001,11519,,,
9,,11519,,1.0249327421188354,
,0.0001,11529,,,
9,,11529,,1.0243134498596191,
,0.0001,11539,,,
9,,11539,,1.017472505569458,
,0.0001,11549,,,
9,,11549,,1.0193874835968018,
,0.0001,11559,,,
9,,11559,,1.022801399230957,
,0.0001,11569,,,
9,,11569,,1.0286483764648438,
,0.0001,11579,,,
9,,11579,,1.0226340293884277,
,0.0001,11589,,,
9,,11589,,1.0280647277832031,
,0.0001,11599,,,
9,,11599,,1.0258158445358276,
,0.0001,11609,,,
9,,11609,,1.0276908874511719,
,0.0001,11619,,,
9,,11619,,1.025255799293518,
,0.0001,11629,,,
9,,11629,,1.0314255952835083,
,0.0001,11639,,,
9,,11639,,1.0240849256515503,
,0.0001,11649,,,
9,,11649,,1.0272562503814697,
,0.0001,11659,,,
9,,11659,,1.0312825441360474,
,0.0001,11669,,,
9,,11669,,1.025769591331482,
,0.0001,11679,,,
9,,11679,,1.0260380506515503,
,0.0001,11689,,,
9,,11689,,1.0283433198928833,
,0.0001,11699,,,
9,,11699,,1.0200713872909546,
,0.0001,11709,,,
9,,11709,,1.023635745048523,
,0.0001,11719,,,
9,,11719,,1.026318073272705,
,0.0001,11729,,,
9,,11729,,1.0262904167175293,
,0.0001,11739,,,
9,,11739,,1.0190982818603516,
,0.0001,11749,,,
9,,11749,,1.0288313627243042,
,0.0001,11759,,,
9,,11759,,1.037614107131958,
,0.0001,11769,,,
9,,11769,,1.025407075881958,
,0.0001,11779,,,
9,,11779,,1.032665729522705,
,0.0001,11789,,,
9,,11789,,1.0270353555679321,
,0.0001,11799,,,
9,,11799,,1.0189605951309204,
,0.0001,11809,,,
9,,11809,,1.0266212224960327,
,0.0001,11819,,,
9,,11819,,1.028810977935791,
,0.0001,11829,,,
9,,11829,,1.0348072052001953,
,0.0001,11839,,,
9,,11839,,1.0249782800674438,
,0.0001,11849,,,
9,,11849,,1.0304831266403198,
,0.0001,11859,,,
9,,11859,,1.0259853601455688,
,0.0001,11869,,,
9,,11869,,1.0306953191757202,
,0.0001,11879,,,
9,,11879,,1.0375865697860718,
,0.0001,11889,,,
9,,11889,,1.020645022392273,
,0.0001,11899,,,
9,,11899,,1.032050609588623,
,0.0001,11909,,,
9,,11909,,1.0437746047973633,
,0.0001,11919,,,
9,,11919,,1.0249512195587158,
,0.0001,11929,,,
9,,11929,,1.0236337184906006,
,0.0001,11939,,,
9,,11939,,1.0328433513641357,
,0.0001,11949,,,
9,,11949,,1.0287446975708008,
,0.0001,11959,,,
9,,11959,,1.0284948348999023,
,0.0001,11969,,,
9,,11969,,1.028191089630127,
,0.0001,11979,,,
9,,11979,,1.0292019844055176,
,0.0001,11989,,,
9,,11989,,1.0240803956985474,
,0.0001,11999,,,
9,,11999,,1.0286504030227661,
,0.0001,12009,,,
9,,12009,,1.0187525749206543,
,0.0001,12019,,,
9,,12019,,1.021822452545166,
,0.0001,12029,,,
9,,12029,,1.020256519317627,
,0.0001,12039,,,
9,,12039,,1.0183258056640625,
,0.0001,12049,,,
9,,12049,,1.0218313932418823,
,0.0001,12059,,,
9,,12059,,1.0268827676773071,
,0.0001,12069,,,
9,,12069,,1.0232954025268555,
,0.0001,12079,,,
9,,12079,,1.0215343236923218,
,0.0001,12089,,,
9,,12089,,1.026140570640564,
,0.0001,12099,,,
9,,12099,,1.0232326984405518,
,0.0001,12109,,,
9,,12109,,1.036279559135437,
,0.0001,12119,,,
9,,12119,,1.0245484113693237,
,0.0001,12129,,,
9,,12129,,1.0293705463409424,
,0.0001,12139,,,
9,,12139,,1.020358920097351,
,0.0001,12149,,,
9,,12149,,1.0271632671356201,
,0.0001,12159,,,
9,,12159,,1.0211423635482788,
,0.0001,12169,,,
9,,12169,,1.0254892110824585,
,0.0001,12179,,,
9,,12179,,1.0198901891708374,
,0.0001,12189,,,
9,,12189,,1.0204092264175415,
,0.0001,12199,,,
9,,12199,,1.0247337818145752,
,0.0001,12209,,,
9,,12209,,1.0313526391983032,
,0.0001,12219,,,
9,,12219,,1.023296594619751,
,0.0001,12229,,,
9,,12229,,1.0265717506408691,
,0.0001,12239,,,
9,,12239,,1.0269179344177246,
,0.0001,12249,,,
9,,12249,,1.0210399627685547,
,0.0001,12259,,,
9,,12259,,1.0176771879196167,
,0.0001,12269,,,
9,,12269,,1.0229802131652832,
,0.0001,12279,,,
9,,12279,,1.0217057466506958,
,0.0001,12289,,,
9,,12289,,1.0222400426864624,
,0.0001,12299,,,
9,,12299,,1.020298719406128,
9,,12299,,,1.0282319784164429
9,,12299,1.026233434677124,,
